{"qqp--t5-bert-cond_cfg_1751154_300000_": {"Bloom metric": 4.172029972076416, "Roberta metric": 0.7643809914588928, "rouge-1": 0.5309571027755737, "rouge-2": 0.29772502183914185, "rouge-L": 0.5093482136726379}}